
--PROPERTY
INSERT INTO PROPERTY (PROPERTY_ID, NAME,ADDRESS,CITY,IMAGE,CREATED_AT, UPDATED_AT) VALUES (1, 'Index Tower', 'DIFC', 'Dubai', 'PropertyImage',NULL,NULL);
INSERT INTO PROPERTY (PROPERTY_ID, NAME,ADDRESS,CITY,IMAGE,CREATED_AT, UPDATED_AT) VALUES (2, 'Indigo Tower', 'JLT Cluster D', 'Dubai', 'PropertyImage',NULL,NULL);
INSERT INTO PROPERTY (PROPERTY_ID, NAME,ADDRESS,CITY,IMAGE,CREATED_AT, UPDATED_AT) VALUES (3, 'Palladium Tower', 'JLT Cluster C', 'Dubai', 'PropertyImage',NULL,NULL);
INSERT INTO PROPERTY (PROPERTY_ID, NAME,ADDRESS,CITY,IMAGE,CREATED_AT, UPDATED_AT) VALUES (4, 'Goldcrest Tower', 'JLT Cluster H', 'Dubai', 'PropertyImage',NULL,NULL);
INSERT INTO PROPERTY (PROPERTY_ID, NAME,ADDRESS,CITY,IMAGE,CREATED_AT, UPDATED_AT) VALUES (5, 'Etihad Towers', 'The Corniche', 'Abu Dhabi', 'PropertyImage',NULL,NULL);
INSERT INTO PROPERTY (PROPERTY_ID, NAME,ADDRESS,CITY,IMAGE,CREATED_AT, UPDATED_AT) VALUES (6, 'Beach Rotana Hotel', 'Tourist Club Area', 'Abu Dhabi', 'PropertyImage',NULL,NULL);
INSERT INTO PROPERTY (PROPERTY_ID, NAME,ADDRESS,CITY,IMAGE,CREATED_AT, UPDATED_AT) VALUES (7, 'Al Wahda Complex', 'Hazza Bin Zayed Street', 'Abu Dhabi', 'PropertyImage',NULL,NULL);
INSERT INTO PROPERTY (PROPERTY_ID, NAME,ADDRESS,CITY,IMAGE,CREATED_AT, UPDATED_AT) VALUES (8, 'Hyatt Capital Gate', 'Al Khaleej Al Arabi Street', 'Abu Dhabi', 'PropertyImage',NULL,NULL);
INSERT INTO PROPERTY (PROPERTY_ID, NAME,ADDRESS,CITY,IMAGE,CREATED_AT, UPDATED_AT) VALUES (9, 'Le Royal Meridien', 'Sheikh Khalifa Street', 'Abu Dhabi', 'PropertyImage',NULL,NULL);
INSERT INTO PROPERTY (PROPERTY_ID, NAME,ADDRESS,CITY,IMAGE,CREATED_AT, UPDATED_AT) VALUES (10, 'Sheraton Abu Dhabi Hotel & Resort', 'PO Box 640 Corniche Road', 'Abu Dhabi', 'PropertyImage',NULL,NULL);
INSERT INTO PROPERTY (PROPERTY_ID, NAME,ADDRESS,CITY,IMAGE,CREATED_AT, UPDATED_AT) VALUES (11, 'Emirates Palace Hotel', 'West Corniche Road PO Box 39999', 'Abu Dhabi', 'PropertyImage',NULL,NULL);
INSERT INTO PROPERTY (PROPERTY_ID, NAME,ADDRESS,CITY,IMAGE,CREATED_AT, UPDATED_AT) VALUES (12, 'Al Maha Arjaan', 'Hamdan Street', 'Abu Dhabi', 'PropertyImage',NULL,NULL);
INSERT INTO PROPERTY (PROPERTY_ID, NAME,ADDRESS,CITY,IMAGE,CREATED_AT, UPDATED_AT) VALUES (13, 'City Seasons Al Hamra Hotel', 'Electra Street', 'Abu Dhabi', 'PropertyImage',NULL,NULL);
INSERT INTO PROPERTY (PROPERTY_ID, NAME,ADDRESS,CITY,IMAGE,CREATED_AT, UPDATED_AT) VALUES (14, 'Cristal Salam Hotel', '8th Street Tourist ', 'Abu Dhabi', 'PropertyImage',NULL,NULL);
INSERT INTO PROPERTY (PROPERTY_ID, NAME,ADDRESS,CITY,IMAGE,CREATED_AT, UPDATED_AT) VALUES (15, 'Hilton Corniche', 'Corniche Road', 'Abu Dhabi', 'PropertyImage',NULL,NULL);
INSERT INTO PROPERTY (PROPERTY_ID, NAME,ADDRESS,CITY,IMAGE,CREATED_AT, UPDATED_AT) VALUES (16, 'Le Meridien', 'Tourist Club Area', 'Abu Dhabi', 'PropertyImage',NULL,NULL);
INSERT INTO PROPERTY (PROPERTY_ID, NAME,ADDRESS,CITY,IMAGE,CREATED_AT, UPDATED_AT) VALUES (17, 'One to One Hotel', 'Al Salam street', 'Abu Dhabi', 'PropertyImage',NULL,NULL);
INSERT INTO PROPERTY (PROPERTY_ID, NAME,ADDRESS,CITY,IMAGE,CREATED_AT, UPDATED_AT) VALUES (18, 'Sands Hotel', 'PO Box 32430', 'Abu Dhabi', 'PropertyImage',NULL,NULL);
INSERT INTO PROPERTY (PROPERTY_ID, NAME,ADDRESS,CITY,IMAGE,CREATED_AT, UPDATED_AT) VALUES (19, 'Phoenix Plaza Hotel ', 'Old Airport Road', 'Abu Dhabi', 'PropertyImage',NULL,NULL);
INSERT INTO PROPERTY (PROPERTY_ID, NAME,ADDRESS,CITY,IMAGE,CREATED_AT, UPDATED_AT) VALUES (20, 'Al Ain Palace Hotel', 'PO Box 33', 'Abu Dhabi', 'PropertyImage',NULL,NULL);
INSERT INTO PROPERTY (PROPERTY_ID, NAME,ADDRESS,CITY,IMAGE,CREATED_AT, UPDATED_AT) VALUES (21, 'Al Diar Regency Hotel', 'Salam Street And Port Road', 'Abu Dhabi', 'PropertyImage',NULL,NULL);



--TASK
INSERT INTO TASK (TASK_ID, DATE_FROM,DATE_TO,REMARKS,IMAGE,NAME,CREATED_AT, UPDATED_AT) VALUES (1, to_date('20170604','YYYYMMDD'), to_date('20170705','YYYYMMDD'), 'Cleaning Facade Remarks', 'TaskImage','Cleaning Facade',NULL,NULL);
INSERT INTO TASK (TASK_ID, DATE_FROM,DATE_TO,REMARKS,IMAGE,NAME,CREATED_AT, UPDATED_AT) VALUES (2, to_date('20170607','YYYYMMDD'), to_date('20170708','YYYYMMDD'), 'Watering Plants Remarks', 'TaskImage','Watering Plants',NULL,NULL);
INSERT INTO TASK (TASK_ID, DATE_FROM,DATE_TO,REMARKS,IMAGE,NAME,CREATED_AT, UPDATED_AT) VALUES (3, to_date('20170608','YYYYMMDD'), to_date('20170709','YYYYMMDD'), 'Washing the floor Remarks', 'TaskImage','Washing the floor',NULL,NULL);
INSERT INTO TASK (TASK_ID, DATE_FROM,DATE_TO,REMARKS,IMAGE,NAME,CREATED_AT, UPDATED_AT) VALUES (4, to_date('20170608','YYYYMMDD'), to_date('20170709','YYYYMMDD'), 'Painting Walls Remarks', 'TaskImage','Painting Walls',NULL,NULL);
INSERT INTO TASK (TASK_ID, DATE_FROM,DATE_TO,REMARKS,IMAGE,NAME,CREATED_AT, UPDATED_AT) VALUES (5, to_date('20170608','YYYYMMDD'), to_date('20170709','YYYYMMDD'), 'Interior Design Remarks', 'TaskImage','Interior Design',NULL,NULL);
INSERT INTO TASK (TASK_ID, DATE_FROM,DATE_TO,REMARKS,IMAGE,NAME,CREATED_AT, UPDATED_AT) VALUES (6, to_date('20170608','YYYYMMDD'), to_date('20170709','YYYYMMDD'), 'Masonry Remarks', 'TaskImage','Masonry',NULL,NULL);
INSERT INTO TASK (TASK_ID, DATE_FROM,DATE_TO,REMARKS,IMAGE,NAME,CREATED_AT, UPDATED_AT) VALUES (7, to_date('20170608','YYYYMMDD'), to_date('20170709','YYYYMMDD'), 'Plumbing Remarks', 'TaskImage','Plumbing',NULL,NULL);
INSERT INTO TASK (TASK_ID, DATE_FROM,DATE_TO,REMARKS,IMAGE,NAME,CREATED_AT, UPDATED_AT) VALUES (8, to_date('20170608','YYYYMMDD'), to_date('20170709','YYYYMMDD'), 'Carpentry Remarks', 'TaskImage','Carpentry',NULL,NULL);
INSERT INTO TASK (TASK_ID, DATE_FROM,DATE_TO,REMARKS,IMAGE,NAME,CREATED_AT, UPDATED_AT) VALUES (9, to_date('20170608','YYYYMMDD'), to_date('20170709','YYYYMMDD'), 'Fire Drill Remarks', 'TaskImage','Fire Drill',NULL,NULL);
INSERT INTO TASK (TASK_ID, DATE_FROM,DATE_TO,REMARKS,IMAGE,NAME,CREATED_AT, UPDATED_AT) VALUES (10, to_date('20170608','YYYYMMDD'), to_date('20170709','YYYYMMDD'), 'Pool Maintenance Remarks', 'TaskImage','Pool Maintenance',NULL,NULL);
INSERT INTO TASK (TASK_ID, DATE_FROM,DATE_TO,REMARKS,IMAGE,NAME,CREATED_AT, UPDATED_AT) VALUES (11, to_date('20170608','YYYYMMDD'), to_date('20170709','YYYYMMDD'), 'Pool Maintenance Remarks', 'TaskImage','Elevator Maintenance',NULL,NULL);



--EMPLOYEE
INSERT INTO EMPLOYEE (ID, NAME,EMAIL,TELEPHONE,ADDRESS,REMARKS,CITY,AGE,IMAGE,PROPERTY_ID,TASK_ID,CREATED_AT, UPDATED_AT) VALUES (2, 'Jessica Vasco', 'Jessica@gmail.com', '971451777139', 'JLT Palladium Tower','Jessica remarks', 'London', 22, 'image', 1,3,NULL,NULL);
INSERT INTO EMPLOYEE (ID, NAME,EMAIL,TELEPHONE,ADDRESS,REMARKS,CITY,AGE,IMAGE,PROPERTY_ID,TASK_ID,CREATED_AT, UPDATED_AT) VALUES (3, 'Barrett Milner', 'Barrett@gmail.com', '971333587231', 'Deira Street','Barrett remarks', 'Paris', 51, 'image', 21,7,NULL,NULL);
INSERT INTO EMPLOYEE (ID, NAME,EMAIL,TELEPHONE,ADDRESS,REMARKS,CITY,AGE,IMAGE,PROPERTY_ID,TASK_ID,CREATED_AT, UPDATED_AT) VALUES (4, 'Brody Smith', 'Brody@gmail.com', '971551769326', 'Dubai Creek','Brody remarks', 'Manchester', 17, 'image', 9,6,NULL,NULL);
INSERT INTO EMPLOYEE (ID, NAME,EMAIL,TELEPHONE,ADDRESS,REMARKS,CITY,AGE,IMAGE,PROPERTY_ID,TASK_ID,CREATED_AT, UPDATED_AT) VALUES (5, 'Vladimir', 'mi.Aliquam@Phasellus.net', '971487961321', 'JLT Cluster F Armada tower','Vladimir remarks', 'Cadiz', 17, 'image', 16,4,NULL,NULL);
INSERT INTO EMPLOYEE (ID, NAME,EMAIL,TELEPHONE,ADDRESS,REMARKS,CITY,AGE,IMAGE,PROPERTY_ID,TASK_ID,CREATED_AT, UPDATED_AT) VALUES (6, 'Maggy', 'ligula@acorciUt.edu', '971502134247', 'Mirdiff','Maggy remarks', 'Brussels', 17, 'image', 18,3,NULL,NULL);
INSERT INTO EMPLOYEE (ID, NAME,EMAIL,TELEPHONE,ADDRESS,REMARKS,CITY,AGE,IMAGE,PROPERTY_ID,TASK_ID,CREATED_AT, UPDATED_AT) VALUES (7, 'Jesus Redondo', 'jesus@gmail.com', '971501844741', 'JBR Sadaf8','Jesus remarks', 'Malaga', 33, 'image', 10,4,NULL,NULL);
INSERT INTO EMPLOYEE (ID, NAME,EMAIL,TELEPHONE,ADDRESS,REMARKS,CITY,AGE,IMAGE,PROPERTY_ID,TASK_ID,CREATED_AT, UPDATED_AT) VALUES (8, 'Unity', 'Nunc.commodo@justo.org', '971501844747', 'JBR Sadaf7','Unity remarks', 'Amsterdam', 34, 'image', 5,5,NULL,NULL);
INSERT INTO EMPLOYEE (ID, NAME,EMAIL,TELEPHONE,ADDRESS,REMARKS,CITY,AGE,IMAGE,PROPERTY_ID,TASK_ID,CREATED_AT, UPDATED_AT) VALUES (9, 'Ralph', 'augue@penatibuset.net', '971501844749', 'JBR Sadaf6','Ralph remarks', 'Baghdad ', 12, 'image', 9,6,NULL,NULL);
INSERT INTO EMPLOYEE (ID, NAME,EMAIL,TELEPHONE,ADDRESS,REMARKS,CITY,AGE,IMAGE,PROPERTY_ID,TASK_ID,CREATED_AT, UPDATED_AT) VALUES (10, 'Medge', 'sagittis.augue@taciti.edu', '971444785210', 'JBR Sadaf5','Medge remarks', 'Baltimore', 19, 'image', 4,4,NULL,NULL);
INSERT INTO EMPLOYEE (ID, NAME,EMAIL,TELEPHONE,ADDRESS,REMARKS,CITY,AGE,IMAGE,PROPERTY_ID,TASK_ID,CREATED_AT, UPDATED_AT) VALUES (11, 'Orli', 'nascetur@mipedenonummy.edu', '971450123546', 'JBR Sadaf4','Orli remarks', 'Barcelona', 39, 'image', 4,7,NULL,NULL);
INSERT INTO EMPLOYEE (ID, NAME,EMAIL,TELEPHONE,ADDRESS,REMARKS,CITY,AGE,IMAGE,PROPERTY_ID,TASK_ID,CREATED_AT, UPDATED_AT) VALUES (12, 'Ainsley', 'morbi.tristique.senectus@enim.ca', '971450789471', 'JBR Sadaf3','Ainsley remarks', 'Casablanca', 49, 'image', 4,2,NULL,NULL);
INSERT INTO EMPLOYEE (ID, NAME,EMAIL,TELEPHONE,ADDRESS,REMARKS,CITY,AGE,IMAGE,PROPERTY_ID,TASK_ID,CREATED_AT, UPDATED_AT) VALUES (13, 'Candice', 'turpis.non.enim@fringillami.com', '971450123547', 'JBR Sadaf3','Candice remarks', 'Barranquilla', 59, 'image', 15,5,NULL,NULL);
INSERT INTO EMPLOYEE (ID, NAME,EMAIL,TELEPHONE,ADDRESS,REMARKS,CITY,AGE,IMAGE,PROPERTY_ID,TASK_ID,CREATED_AT, UPDATED_AT) VALUES (14, 'Alexis', 'lacinia.orci.consectetuer@dolorFuscefeugiat.ca', '971450123888', 'JBR 2','Alexis remarks', 'Berlin ', 11, 'image', 16,6,NULL,NULL);
INSERT INTO EMPLOYEE (ID, NAME,EMAIL,TELEPHONE,ADDRESS,REMARKS,CITY,AGE,IMAGE,PROPERTY_ID,TASK_ID,CREATED_AT, UPDATED_AT) VALUES (15, 'Diana', 'pede.Cras@a.edu', '971450123577', 'JBR Sadaf2','Diana remarks', 'Palermo', 13, 'image', 11,2,NULL,NULL);
INSERT INTO EMPLOYEE (ID, NAME,EMAIL,TELEPHONE,ADDRESS,REMARKS,CITY,AGE,IMAGE,PROPERTY_ID,TASK_ID,CREATED_AT, UPDATED_AT) VALUES (16, 'Tyrone', 'nascetur@mipedenonummy.edu', '971850369789', 'JBR Sadaf1','Tyrone remarks', 'Bellevue', 18, 'image', 14,6,NULL,NULL);
INSERT INTO EMPLOYEE (ID, NAME,EMAIL,TELEPHONE,ADDRESS,REMARKS,CITY,AGE,IMAGE,PROPERTY_ID,TASK_ID,CREATED_AT, UPDATED_AT) VALUES (17, 'Brennan', 'scelerisque.lorem@enim.net', '971587474141', 'JBR Sadaf','Brennan remarks', 'Chongqing', 21, 'image', 16,2,NULL,NULL);
INSERT INTO EMPLOYEE (ID, NAME,EMAIL,TELEPHONE,ADDRESS,REMARKS,CITY,AGE,IMAGE,PROPERTY_ID,TASK_ID,CREATED_AT, UPDATED_AT) VALUES (18, 'Lillith', 'non@lectus.edu', '971587474587', 'JLT Cluster E','Lillith remarks', 'Lillois-WitterzŽe', 18, 'image', 18,7,NULL,NULL);
INSERT INTO EMPLOYEE (ID, NAME,EMAIL,TELEPHONE,ADDRESS,REMARKS,CITY,AGE,IMAGE,PROPERTY_ID,TASK_ID,CREATED_AT, UPDATED_AT) VALUES (19, 'Armando', 'Aliquam@orciin.net', '971587474142', 'JLT Cluster E','Armando remarks', 'Khanewal', 17, 'image', 20,1,NULL,NULL);
INSERT INTO EMPLOYEE (ID, NAME,EMAIL,TELEPHONE,ADDRESS,REMARKS,CITY,AGE,IMAGE,PROPERTY_ID,TASK_ID,CREATED_AT, UPDATED_AT) VALUES (20, 'Justin', 'gravida.non.sollicitudin@placerataugue.edu', '971897587963', 'JLT Cluster F','Justin remarks', 'İslahiye', 26, 'image', 15,5,NULL,NULL);
INSERT INTO EMPLOYEE (ID, NAME,EMAIL,TELEPHONE,ADDRESS,REMARKS,CITY,AGE,IMAGE,PROPERTY_ID,TASK_ID,CREATED_AT, UPDATED_AT) VALUES (21, 'Zorita', 'enim@risus.org', '971587474149', 'JLT Cluster G','Zorita remarks', 'Burdinne', 33, 'image', 3,2,NULL,NULL);
INSERT INTO EMPLOYEE (ID, NAME,EMAIL,TELEPHONE,ADDRESS,REMARKS,CITY,AGE,IMAGE,PROPERTY_ID,TASK_ID,CREATED_AT, UPDATED_AT) VALUES (22, 'Mariam', 'purus.mauris.a@odiosagittis.ca', '971587474174', 'JLT Cluster H','Mariam remarks', 'Bharatpur', 31, 'image', 2,2,NULL,NULL);
INSERT INTO EMPLOYEE (ID, NAME,EMAIL,TELEPHONE,ADDRESS,REMARKS,CITY,AGE,IMAGE,PROPERTY_ID,TASK_ID,CREATED_AT, UPDATED_AT) VALUES (23, 'Malik', 'Nam@enimEtiam.org', '971587474555', 'JLT Cluster I','Malik remarks', 'Neerheylissem', 25, 'image', 1,3,NULL,NULL);
INSERT INTO EMPLOYEE (ID, NAME,EMAIL,TELEPHONE,ADDRESS,REMARKS,CITY,AGE,IMAGE,PROPERTY_ID,TASK_ID,CREATED_AT, UPDATED_AT) VALUES (24, 'Claire', 'sapien@Nullamlobortis.ca', '971587474666', 'JLT Cluster J','Claire remarks', 'San Fratello', 29, 'image', 3,1,NULL,NULL);
INSERT INTO EMPLOYEE (ID, NAME,EMAIL,TELEPHONE,ADDRESS,REMARKS,CITY,AGE,IMAGE,PROPERTY_ID,TASK_ID,CREATED_AT, UPDATED_AT) VALUES (25, 'Hilel', 'tempor@purusmaurisa.edu', '971587474147', 'JLT Cluster K','Hilel remarks', 'La Cruz', 30, 'image', 4,1,NULL,NULL);
INSERT INTO EMPLOYEE (ID, NAME,EMAIL,TELEPHONE,ADDRESS,REMARKS,CITY,AGE,IMAGE,PROPERTY_ID,TASK_ID,CREATED_AT, UPDATED_AT) VALUES (26, 'Alea', 'vulputate@orciUt.ca', '971587474199', 'JLT Cluster L','Alea remarks', 'Leominster', 33, 'image', 1,1,NULL,NULL);

